Question ID,Question,Answer
SPN1,What is the objective of using Heisenberg exchange in quantum computing?,To demonstrate electron spin state transmission across a quantum dot array without moving electrons.
SPN2,What external factors influence the Heisenberg exchange interaction during quantum spin-state transfer?,"External factors like precisely controlled electric and magnetic fields are used to influence the Heisenberg exchange interaction, ensuring accurate manipulation and maintenance of quantum states during transfer."
SPN3,How does coherent spin-state transfer contribute to advancements in quantum technology?,"Coherent spin-state transfer contributes to advancements in quantum technology by enabling more precise control over quantum states, which is fundamental for the development of scalable quantum computers and more sophisticated quantum communication systems."
SPN4,How is a quantum system prepared for spin-state transfer?,"In preparing for spin-state transfer, quantum systems are set up so that specific particles are in states ready to engage in spin exchanges, which are crucial for the process."
SPN5,How does the Heisenberg exchange interaction facilitate quantum computing operations?,"The Heisenberg exchange interaction allows for the precise manipulation of quantum states, crucial for operations like quantum gate implementations and establishing quantum communication links."
SPN6,How do electric fields influence quantum state dynamics in spin-state transfers?,"Electric fields are utilized to precisely control the quantum states during spin-state transfers, impacting the interaction dynamics and the overall coherence of the system."
SPN7,How is quantum scalability addressed in discussions of coherent spin-state transfer?,"Quantum scalability is addressed by discussing the potential for precise control and manipulation of quantum states, which is essential for building larger, more complex quantum systems."
SPN8,What role does the Heisenberg exchange play in quantum computing applications?,"The Heisenberg exchange interaction is critical in quantum computing for manipulating quantum states, enabling the execution of quantum gates and establishing quantum communications, essential for the operation of quantum networks."
SPN9,What metaphors are used to explain the initialization of quantum systems?,"Metaphors such as setting up a machine or preparing a mechanical system are used to explain the initialization of quantum systems, aiming to make the quantum processes more relatable."
SPN10,What future developments are expected in quantum mechanics research?,"Future developments in quantum mechanics are expected to enhance our understanding of quantum phenomena, leading to more effective applications of quantum principles in technology, such as in quantum computing and quantum communication."
